CallID,StartTime,AnsweredTime,UserID,UserName,FromNumber,ToNumber,IVRName,direction,IsAnswered,LastState,TotalDuration
CALLID15757790816456889611,09/04/2026 07:01:25,09/04/2026 07:01:47,USER23517805,Joanita Tuyau,Unknown,33782826198,Pôle FA - MIDEA,out,TRUE,ANSWERED,134
CALLID16940197007449665438,09/04/2026 07:13:57,,USER23517805,Joanita Tuyau,Unknown,352621712048,Pôle FA - MIDEA,out,FALSE,CANCELLED,8
CALLID4511131197951642778,09/04/2026 07:29:49,,,,33608777070,33465847148,MOBALPA,in,TRUE,ANSWERED,342
CALLID7390544737047651579,09/04/2026 07:58:10,09/04/2026 07:58:12,USER23871562,Celena Comole-Dimba,33636852100,33969391234,unknown,out,TRUE,ANSWERED,519
CALLID14182084432383796429,09/04/2026 08:20:21,,,,33344155838,33465849472,Pôle Fa - ELICA,in,TRUE,ANSWERED,197
CALLID14542136488748001404,09/04/2026 07:16:34,09/04/2026 07:16:47,USER23517805,Joanita Tuyau,Unknown,33627001940,Pôle FA - MIDEA,out,TRUE,ANSWERED,63
CALLID6266391367581178864,09/04/2026 07:30:22,09/04/2026 07:30:30,USER23517805,Joanita Tuyau,Unknown,33619753163,Pôle FA - MIDEA,out,TRUE,ANSWERED,42
CALLID1581216899266822685,09/04/2026 07:45:03,,,,33622037097,33465847148,MOBALPA,in,TRUE,ANSWERED,314
CALLID15906746071871400124,09/04/2026 08:07:53,,,,33666606375,33465847139,Pôle FA - MIDEA,in,TRUE,ANSWERED,292
CALLID8990141893688819983,09/04/2026 08:15:40,09/04/2026 08:15:43,USER23517805,Joanita Tuyau,Unknown,33678124463,Pôle FA - MIDEA,out,TRUE,ANSWERED,42
CALLID16166841444357166699,09/04/2026 08:21:27,,,,33776825267,33465847139,Pôle FA - MIDEA,in,TRUE,ANSWERED,123
CALLID872304395538411851,09/04/2026 08:31:01,,,,33680656640,33465847148,MOBALPA,in,TRUE,ANSWERED,105
CALLID8943569310832149816,09/04/2026 07:14:29,,,,33678061143,33465847148,MOBALPA,in,TRUE,ANSWERED,552
CALLID11184152219319380136,09/04/2026 07:33:30,09/04/2026 07:33:34,USER23517805,Joanita Tuyau,Unknown,33652377891,Pôle FA - MIDEA,out,TRUE,ANSWERED,36
CALLID7215497353523124359,09/04/2026 07:46:20,09/04/2026 07:46:26,USER23517805,Joanita Tuyau,Unknown,33666578168,Pôle FA - MIDEA,out,TRUE,ANSWERED,131
CALLID18206821505587643133,09/04/2026 07:46:01,,,,33699400295,33465847148,MOBALPA,in,TRUE,ANSWERED,254
CALLID4622707527306977779,09/04/2026 08:19:10,09/04/2026 08:19:22,USER23517805,Joanita Tuyau,Unknown,33619753163,Pôle FA - MIDEA,out,TRUE,ANSWERED,45
CALLID12573702396781272098,09/04/2026 07:11:11,09/04/2026 07:11:33,USER23517805,Joanita Tuyau,Unknown,33678812540,Pôle FA - MIDEA,out,TRUE,ANSWERED,58
CALLID12792776677490434272,09/04/2026 07:27:17,09/04/2026 07:27:42,USER23517805,Joanita Tuyau,Unknown,33689702624,Pôle FA - MIDEA,out,TRUE,ANSWERED,51
CALLID9215284160716184475,09/04/2026 07:39:29,,,,33622037097,33465847148,MOBALPA,in,TRUE,ANSWERED,259
CALLID453644573901137466,09/04/2026 08:03:29,,,,352661843099,33465847139,Pôle FA - MIDEA,in,TRUE,ANSWERED,121
CALLID4402916504391258717,09/04/2026 08:24:55,09/04/2026 08:25:15,USER23335751,Megane  Jolicoeur,Unknown,33666966077,Pôle Fa - ELICA,out,TRUE,ANSWERED,96
CALLID15022572033883402585,09/04/2026 08:22:59,,,,33687365972,33465849472,Pôle Fa - ELICA,in,TRUE,ANSWERED,287
CALLID8811337065037719985,09/04/2026 08:25:10,,,,33609857771,33465847139,Pôle FA - MIDEA,in,TRUE,ANSWERED,667
CALLID13839789799116975451,09/04/2026 08:41:36,09/04/2026 08:41:55,USER23335751,Megane  Jolicoeur,Unknown,33619510680,Pôle Fa - ELICA,out,TRUE,ANSWERED,93
CALLID4643793446421053951,09/04/2026 08:43:35,,,,33749103313,33465847148,MOBALPA,in,TRUE,ANSWERED,186
CALLID3410685461900906506,09/04/2026 08:43:58,09/04/2026 08:44:13,USER23335751,Megane  Jolicoeur,Unknown,33687439453,Pôle Fa - ELICA,out,TRUE,ANSWERED,303
CALLID1348643054696056273,09/04/2026 08:42:44,,,,33668732689,33465847148,MOBALPA,in,TRUE,ANSWERED,428
CALLID4276338812874918680,09/04/2026 08:07:01,,,,33783820749,33465847139,Pôle FA - MIDEA,in,TRUE,ANSWERED,460
CALLID7584697998562855573,09/04/2026 07:57:22,,,,33618413865,33465847148,MOBALPA,in,TRUE,ANSWERED,1066
CALLID11152429982431715742,09/04/2026 08:24:17,,,,33620561939,33465847139,Pôle FA - MIDEA,in,TRUE,ANSWERED,339
CALLID9041022857149097230,09/04/2026 08:38:56,09/04/2026 08:39:14,USER23335751,Megane  Jolicoeur,Unknown,33640938821,Pôle Fa - ELICA,out,TRUE,ANSWERED,59
CALLID15232294797942418777,09/04/2026 07:46:57,,,,33683247741,33465847148,MOBALPA,in,TRUE,ANSWERED,435
CALLID9227748189532958011,09/04/2026 08:44:44,,,,33749151986,33465847148,MOBALPA,in,TRUE,ANSWERED,208
CALLID10583458355924575772,09/04/2026 08:51:17,09/04/2026 08:51:19,USER23335751,Megane  Jolicoeur,Unknown,33545780955,Pôle Fa - ELICA,out,TRUE,ANSWERED,84
CALLID15356121654105042682,09/04/2026 07:17:40,,,,33643149894,33465847148,MOBALPA,in,TRUE,ANSWERED,590
CALLID9177666418644494537,09/04/2026 07:54:09,,,,33607772467,33465847148,MOBALPA,in,TRUE,ANSWERED,177
CALLID12969601743769199320,09/04/2026 08:40:58,,,,33650898872,33465847148,MOBALPA,in,TRUE,ANSWERED,353
CALLID16273580725041071398,09/04/2026 08:44:39,09/04/2026 08:44:53,USER23517805,Joanita Tuyau,Unknown,352661540931,Pôle FA - MIDEA,out,TRUE,ANSWERED,477
CALLID6181900889757566897,09/04/2026 08:56:28,,,,33680656640,33465847148,MOBALPA,in,TRUE,ANSWERED,224
CALLID17865512127989908308,09/04/2026 07:25:18,09/04/2026 07:25:39,USER23517805,Joanita Tuyau,Unknown,33785419880,Pôle FA - MIDEA,out,TRUE,ANSWERED,53
CALLID7390544737047651579,09/04/2026 07:47:41,,,,33636852100,33465847148,MOBALPA,in,TRUE,BLIND_TRANSFERED,629
CALLID645020348750907987,09/04/2026 08:08:21,,,,33676281152,33465847139,Pôle FA - MIDEA,in,TRUE,ANSWERED,178
CALLID3814293574237021582,09/04/2026 08:15:24,,,,33611676148,33465847148,MOBALPA,in,TRUE,ANSWERED,104
CALLID6989038114102455356,09/04/2026 08:17:50,09/04/2026 08:17:53,USER23335751,Megane  Jolicoeur,Unknown,33783027917,Pôle Fa - ELICA,out,TRUE,ANSWERED,35
CALLID14312227302737566365,09/04/2026 08:28:40,,,,33686056272,33465849472,Pôle Fa - ELICA,in,TRUE,ANSWERED,537
CALLID6595999277506068567,09/04/2026 08:23:27,,,,33652377366,33465847148,MOBALPA,in,TRUE,BLIND_TRANSFERED,618
CALLID8755843594791658956,09/04/2026 08:50:58,,,,33344155838,33465849472,Pôle Fa - ELICA,in,TRUE,ANSWERED,490
CALLID5817622069293859841,09/04/2026 09:06:26,,,,33669397815,33465847139,Pôle FA - MIDEA,in,TRUE,ANSWERED,495
CALLID18139823257269816971,09/04/2026 07:22:01,,,,33607188791,33465847148,MOBALPA,in,TRUE,ANSWERED,408
CALLID16526488138503165491,09/04/2026 08:14:37,09/04/2026 08:14:45,USER23278170,Log RO MUT 1,Unknown,33760886845,Pôle Fa - ELICA,out,TRUE,ANSWERED,204
CALLID8783810960705559221,09/04/2026 08:55:31,09/04/2026 08:55:39,USER23278170,Log RO MUT 1,Unknown,33663430301,Pôle Fa - ELICA,out,TRUE,ANSWERED,135
CALLID12193875365431531817,09/04/2026 07:38:30,09/04/2026 07:38:35,USER23517805,Joanita Tuyau,Unknown,33678124463,Pôle FA - MIDEA,out,TRUE,ANSWERED,45
CALLID4587017817913906032,09/04/2026 07:52:11,,,,33686992458,33465847148,MOBALPA,in,TRUE,ANSWERED,469
CALLID390694393163339702,09/04/2026 08:19:38,,,,33488785900,33465847148,MOBALPA,in,TRUE,ANSWERED,823
CALLID16839217068261439047,09/04/2026 08:38:26,,,,33605170677,33465849472,Pôle Fa - ELICA,in,TRUE,ANSWERED,82
CALLID7674355359443186496,09/04/2026 09:03:49,09/04/2026 09:03:55,USER23335751,Megane  Jolicoeur,Unknown,33761494742,Pôle Fa - ELICA,out,TRUE,ANSWERED,102
CALLID15458692891859667585,09/04/2026 09:22:02,,,,33672823880,33465847148,MOBALPA,in,TRUE,ANSWERED,222
CALLID10652226453176096120,09/04/2026 08:04:21,,,,33492088885,33465849475,Pôle FA - ROBLIN,in,TRUE,ANSWERED,139
CALLID17732433710110358267,09/04/2026 08:24:20,,,,33680656640,33465847148,MOBALPA,in,TRUE,ANSWERED,204
CALLID1436448929450392117,09/04/2026 08:45:06,09/04/2026 08:45:27,USER23278170,Log RO MUT 1,Unknown,33664326958,Pôle Fa - ELICA,out,TRUE,ANSWERED,58
CALLID17610826674040065452,09/04/2026 08:50:25,,,,33169869031,33465847148,MOBALPA,in,TRUE,ANSWERED,451
CALLID13365660331257477407,09/04/2026 08:59:30,,,,33607746995,33456674350,Pôle FA - SALM AIRFORCE,in,TRUE,ANSWERED,496
CALLID9452598073418346073,09/04/2026 09:26:52,09/04/2026 09:27:03,USER23335751,Megane  Jolicoeur,Unknown,33617846824,Pôle Fa - ELICA,out,TRUE,ANSWERED,52
CALLID1192992989564434368,09/04/2026 07:41:23,09/04/2026 07:41:40,USER23517805,Joanita Tuyau,Unknown,33631298024,Pôle FA - MIDEA,out,TRUE,ANSWERED,66
CALLID278069931202079631,09/04/2026 07:44:09,09/04/2026 07:44:13,USER23517805,Joanita Tuyau,Unknown,33627673984,Pôle FA - MIDEA,out,TRUE,ANSWERED,45
CALLID5874650525139518413,09/04/2026 08:17:05,,,,33674231337,33465847139,Pôle FA - MIDEA,in,TRUE,ANSWERED,304
CALLID11384585691727324541,09/04/2026 08:27:08,,,,33662740907,33465847139,Pôle FA - MIDEA,in,TRUE,ANSWERED,117
CALLID7019725641415898886,09/04/2026 08:28:18,,,,33661786838,33465849472,Pôle Fa - ELICA,in,TRUE,ANSWERED,978
CALLID1003573517818494242,09/04/2026 09:03:02,,,,33643798973,33465847139,Pôle FA - MIDEA,in,TRUE,ANSWERED,633
CALLID9942345013530949189,09/04/2026 09:21:17,,,,33617116746,33465849472,Pôle Fa - ELICA,in,TRUE,ANSWERED,80
CALLID129124254324799352,09/04/2026 09:23:20,09/04/2026 09:23:26,USER23335751,Megane  Jolicoeur,Unknown,33649808095,Pôle Fa - ELICA,out,TRUE,ANSWERED,149
CALLID6595999277506068567,09/04/2026 08:33:46,09/04/2026 08:33:48,USER23871562,Celena Comole-Dimba,33652377366,33806802992,unknown,out,TRUE,ANSWERED,415
CALLID12168682129740889180,09/04/2026 09:04:28,,,,33660484358,33489417051,Pôle FA - CHANGHONG,in,TRUE,ANSWERED,834
CALLID12481870630947374747,09/04/2026 09:20:54,09/04/2026 09:21:02,USER23335751,Megane  Jolicoeur,Unknown,33666572904,Pôle Fa - ELICA,out,TRUE,ANSWERED,74
CALLID4098580155594264022,09/04/2026 08:49:12,,,,33328427090,33456674350,Pôle FA - SALM AIRFORCE,in,TRUE,ANSWERED,277
CALLID13558028235737867810,09/04/2026 08:54:26,,,,33623387081,33465849472,Pôle Fa - ELICA,in,TRUE,ANSWERED,471
CALLID14178920389949432843,09/04/2026 09:14:13,,,,33297763535,33465847148,MOBALPA,in,TRUE,ANSWERED,444
CALLID11577074281142757896,09/04/2026 09:16:14,,,,33629277457,33465847148,MOBALPA,in,TRUE,ANSWERED,1098
CALLID5827228745909350375,09/04/2026 09:55:46,,,,33618326797,33465847148,MOBALPA,in,TRUE,ANSWERED,293
CALLID15887504387268743099,09/04/2026 10:00:11,09/04/2026 10:00:37,USER23335751,Megane  Jolicoeur,Unknown,33679569691,Pôle Fa - ELICA,out,TRUE,ANSWERED,65
CALLID12578185049460790799,09/04/2026 08:59:25,,,,33670216487,33465847148,MOBALPA,in,TRUE,ANSWERED,430
CALLID15085506455502559357,09/04/2026 09:03:31,,,,33782230579,33465847148,MOBALPA,in,TRUE,ANSWERED,731
CALLID12825812299791085666,09/04/2026 09:21:28,,,,33767139719,33465847148,MOBALPA,in,TRUE,ANSWERED,1050
CALLID10057957408703503313,09/04/2026 10:07:31,09/04/2026 10:07:38,USER23335751,Megane  Jolicoeur,Unknown,33647407232,Pôle Fa - ELICA,out,TRUE,ANSWERED,122
CALLID18443520013973939415,09/04/2026 10:15:29,,,,33130490212,33465847148,MOBALPA,in,TRUE,ANSWERED,16
CALLID16430022792732992165,09/04/2026 10:17:44,,,,33658171359,33465847148,MOBALPA,in,TRUE,ANSWERED,208
CALLID17680103816842598061,09/04/2026 10:33:30,,,,33253196684,33465847148,MOBALPA,in,TRUE,ANSWERED,580
CALLID992975553025583734,09/04/2026 09:35:13,09/04/2026 09:35:16,USER23335751,Megane  Jolicoeur,Unknown,33670804274,Pôle Fa - ELICA,out,TRUE,ANSWERED,85
CALLID10835604777807469484,09/04/2026 09:22:27,,USER23335751,Megane  Jolicoeur,Unknown,6498080950,Pôle Fa - ELICA,out,FALSE,FAILED,36
CALLID15044609123894541377,09/04/2026 10:00:31,,,,33685724102,33465847148,MOBALPA,in,TRUE,ANSWERED,927
CALLID16129357970878554300,09/04/2026 10:25:58,09/04/2026 10:26:01,USER23335751,Megane  Jolicoeur,Unknown,33786550931,Pôle Fa - ELICA,out,TRUE,ANSWERED,88
CALLID8536360433998520447,09/04/2026 10:07:32,09/04/2026 10:07:42,USER23278170,Log RO MUT 1,Unknown,33629211530,Pôle FA - SALM AIRFORCE,out,TRUE,ANSWERED,280
CALLID12661374240945204701,09/04/2026 10:28:44,,,,33767557912,33465847148,MOBALPA,in,TRUE,ANSWERED,752
CALLID17098768888392508821,09/04/2026 09:33:30,,,,33658171359,33465847148,MOBALPA,in,TRUE,ANSWERED,414
CALLID15796991573798535714,09/04/2026 09:27:24,,,,33672823880,33465847148,MOBALPA,in,TRUE,ANSWERED,1168
CALLID16616890307708206864,09/04/2026 11:17:15,,,,33684560276,33465847148,MOBALPA,in,TRUE,ANSWERED,368
CALLID3155757591066863383,09/04/2026 11:12:43,,,,33663628884,33465847148,MOBALPA,in,TRUE,ANSWERED,905
CALLID8806780855224652603,09/04/2026 09:34:19,,,,33781056855,33465847139,Pôle FA - MIDEA,in,TRUE,ANSWERED,738
CALLID16900181743661247502,09/04/2026 09:47:43,,,,33665525491,33465847139,Pôle FA - MIDEA,in,TRUE,ANSWERED,385
CALLID17750359211050942281,09/04/2026 10:37:16,09/04/2026 10:37:18,USER23335751,Megane  Jolicoeur,Unknown,33176490505,unknown,out,TRUE,ANSWERED,1047
CALLID16297378898107835980,09/04/2026 11:23:26,,,,33603355871,33465847148,MOBALPA,in,TRUE,ANSWERED,1167
CALLID12235367828121577941,09/04/2026 09:39:35,,,,33629211530,33465849472,Pôle Fa - ELICA,in,TRUE,ANSWERED,1248
CALLID17646939574744204986,09/04/2026 10:21:07,09/04/2026 10:21:16,USER23335751,Megane  Jolicoeur,Unknown,33649716794,Pôle Fa - ELICA,out,TRUE,ANSWERED,43
CALLID17750359211050942281,09/04/2026 10:29:15,09/04/2026 10:29:24,USER23335751,Megane  Jolicoeur,Unknown,33788151252,Pôle Fa - ELICA,out,TRUE,BLIND_TRANSFERED,480
CALLID1984428341051324601,09/04/2026 09:45:11,,,,33969362006,33465847139,Pôle FA - MIDEA,in,TRUE,ANSWERED,139
CALLID17867835718847585497,09/04/2026 10:05:42,,,,33770884626,33465847148,MOBALPA,in,FALSE,MISSED,2
CALLID10668403913993275767,09/04/2026 11:18:00,09/04/2026 11:18:02,USER23871562,Celena Comole-Dimba,33652377366,33806802992,unknown,out,TRUE,ANSWERED,837
CALLID6853445705043696313,09/04/2026 11:26:38,,,,33678758847,33465847148,MOBALPA,in,TRUE,ANSWERED,352
CALLID242502800599894754,09/04/2026 11:52:41,,,,33766154415,33465849472,Pôle Fa - ELICA,in,FALSE,MISSED,33
CALLID14240856886394741263,09/04/2026 10:09:41,09/04/2026 10:10:46,USER23335751,Megane  Jolicoeur,Unknown,33757014363,Pôle Fa - ELICA,out,TRUE,ANSWERED,68
CALLID12469006826431477980,09/04/2026 11:45:25,09/04/2026 11:45:32,USER23335751,Megane  Jolicoeur,Unknown,33659170469,Pôle Fa - ELICA,out,TRUE,ANSWERED,49
CALLID17419955184194766811,09/04/2026 11:46:25,,,,33329369194,33456674350,Pôle FA - SALM AIRFORCE,in,TRUE,ANSWERED,239
CALLID14177488395230181272,09/04/2026 12:02:06,,USER23246881,Yohan Nizelin,33672308197,33465847148,MOBALPA,in,TRUE,ANSWERED,241
CALLID4083987672570986848,09/04/2026 12:02:46,,USER23306161,Davina Louis,33630961178,33465847148,MOBALPA,in,TRUE,ANSWERED,279
CALLID5844786923304060685,09/04/2026 12:07:12,,USER23306161,Davina Louis,33636166681,33465847148,MOBALPA,in,TRUE,ANSWERED,285
CALLID17647717295216784203,09/04/2026 09:56:36,,,,33674722612,33465847148,MOBALPA,in,TRUE,ANSWERED,332
CALLID11060560862826701789,09/04/2026 10:02:11,09/04/2026 10:02:28,USER23335751,Megane  Jolicoeur,Unknown,33788464152,Pôle Fa - ELICA,out,TRUE,ANSWERED,125
CALLID16502936084369138698,09/04/2026 11:38:41,,,,33698482750,33465849472,Pôle Fa - ELICA,in,TRUE,ANSWERED,118
CALLID13856932191729992744,09/04/2026 10:13:17,09/04/2026 10:13:35,USER23335751,Megane  Jolicoeur,Unknown,33788490005,Pôle Fa - ELICA,out,TRUE,ANSWERED,228
CALLID11487850961970872483,09/04/2026 10:57:15,,,,33668994688,33465847148,MOBALPA,in,TRUE,ANSWERED,578
CALLID7993415710950193584,09/04/2026 12:33:30,,,,33642184569,33456674350,Pôle FA - SALM AIRFORCE,in,FALSE,,436
CALLID16702816957255385770,09/04/2026 10:57:28,,,,33630842420,33465849472,Pôle Fa - ELICA,in,TRUE,ANSWERED,259
CALLID4430671926639230483,09/04/2026 11:11:48,,,,33684560276,33465847148,MOBALPA,in,FALSE,MISSED,22
CALLID12601981057049292352,09/04/2026 12:03:16,,USER23246881,Yohan Nizelin,33786867279,33465847148,MOBALPA,in,TRUE,ANSWERED,309
CALLID7316214450764855365,09/04/2026 12:14:11,09/04/2026 12:15:07,USER23306323,Bertrise Lecerf,33650131836,33465847148,MOBALPA,in,TRUE,ANSWERED,109
CALLID9795291247470197857,09/04/2026 12:00:01,,USER23871562,Celena Comole-Dimba,33682710037,33465847148,MOBALPA,in,TRUE,ANSWERED,1164
CALLID13617821738431324559,09/04/2026 12:58:04,09/04/2026 12:59:05,USER23842377,Pascal Duval,33677106963,33456674350,Pôle FA - SALM AIRFORCE,in,TRUE,ANSWERED,147
CALLID16718277560022141503,09/04/2026 13:24:36,09/04/2026 13:24:48,USER23335751,Megane  Jolicoeur,33676632087,33465849472,Pôle Fa - ELICA,in,TRUE,ANSWERED,114
CALLID12760053441136441973,09/04/2026 11:42:12,,,,33631855259,33465847148,MOBALPA,in,TRUE,ANSWERED,112
CALLID7152253292947985314,09/04/2026 12:21:37,09/04/2026 12:23:38,USER23306161,Davina Louis,33297763535,33465847148,MOBALPA,in,TRUE,ANSWERED,605
CALLID13436847386519785549,09/04/2026 12:57:13,09/04/2026 12:57:41,USER23306323,Bertrise Lecerf,33681579211,33465847148,MOBALPA,in,TRUE,ANSWERED,123
CALLID17287502339486661040,09/04/2026 12:53:52,09/04/2026 12:53:59,USER23517805,Joanita Tuyau,33622931184,33465847139,Pôle FA - MIDEA,in,TRUE,ANSWERED,476
CALLID3621136029809132869,09/04/2026 13:08:44,09/04/2026 13:11:27,USER23306323,Bertrise Lecerf,33680574143,33465847148,MOBALPA,in,TRUE,ANSWERED,535
CALLID16813016079898908055,09/04/2026 11:46:43,,,,33784692653,33456674350,Pôle FA - SALM AIRFORCE,in,TRUE,ANSWERED,867
CALLID10249304090436082183,09/04/2026 12:14:19,09/04/2026 12:16:07,USER23306323,Bertrise Lecerf,33781549307,33465847148,MOBALPA,in,TRUE,ANSWERED,181
CALLID4268674189265146165,09/04/2026 12:18:48,09/04/2026 12:19:29,USER23246881,Yohan Nizelin,33470901661,33465847148,MOBALPA,in,TRUE,ANSWERED,794
CALLID10668403913993275767,09/04/2026 11:11:41,,,,33652377366,33465847148,MOBALPA,in,TRUE,BLIND_TRANSFERED,378
CALLID5064882828858154687,09/04/2026 11:41:17,,,,33689103979,33465847148,MOBALPA,in,TRUE,ANSWERED,96
CALLID10351704654504574305,09/04/2026 12:18:08,09/04/2026 12:18:58,USER23306323,Bertrise Lecerf,33688027125,33465847148,MOBALPA,in,TRUE,ANSWERED,358
CALLID14471219266875207969,09/04/2026 12:43:15,09/04/2026 12:43:29,USER23871562,Celena Comole-Dimba,33624682431,33465847148,MOBALPA,in,TRUE,ANSWERED,381
CALLID15568037491183823860,09/04/2026 12:46:50,09/04/2026 12:46:57,USER23517805,Joanita Tuyau,33626688372,33465847139,Pôle FA - MIDEA,in,TRUE,ANSWERED,230
CALLID12993900729471994530,09/04/2026 12:54:26,09/04/2026 12:54:33,USER23278170,Log RO MUT 1,33781056855,33465847139,Pôle FA - MIDEA,in,TRUE,ANSWERED,105
CALLID17567052822597844600,09/04/2026 13:05:54,09/04/2026 13:06:18,USER23215533,veroniqua LAMBIN,33185491510,33465849472,Pôle Fa - ELICA,in,TRUE,ANSWERED,500
CALLID12575515358781993874,09/04/2026 13:10:52,09/04/2026 13:12:50,USER23306161,Davina Louis,33679930685,33465847148,MOBALPA,in,TRUE,ANSWERED,489
CALLID7837839676095294237,09/04/2026 13:29:51,09/04/2026 13:30:04,USER23278170,Log RO MUT 1,33645536181,33465849472,Pôle Fa - ELICA,in,TRUE,ANSWERED,598
CALLID16509411857924971706,09/04/2026 11:46:07,,,,33669573875,33465847139,Pôle FA - MIDEA,in,TRUE,ANSWERED,370
CALLID12772742636782949962,09/04/2026 12:07:17,,USER23335751,Megane  Jolicoeur,33768120522,33465847139,Pôle FA - MIDEA,in,TRUE,ANSWERED,66
CALLID13572010261864996751,09/04/2026 12:21:05,09/04/2026 12:21:12,USER23278170,Log RO MUT 1,33672248010,33465849472,Pôle Fa - ELICA,in,TRUE,ANSWERED,635
CALLID8888982222416845369,09/04/2026 12:25:46,09/04/2026 12:26:03,USER23871562,Celena Comole-Dimba,33688779346,33465847148,MOBALPA,in,TRUE,ANSWERED,441
CALLID1136045214123945444,09/04/2026 12:38:35,09/04/2026 12:38:46,USER23306323,Bertrise Lecerf,33616026348,33465847148,MOBALPA,in,TRUE,ANSWERED,509
CALLID16009832168829220639,09/04/2026 12:48:30,09/04/2026 12:48:41,USER23278170,Log RO MUT 1,33745128939,33465849472,Pôle Fa - ELICA,in,TRUE,ANSWERED,77
CALLID8632441187614664191,09/04/2026 12:50:16,09/04/2026 12:55:30,USER23306161,Davina Louis,33645644086,33465847148,MOBALPA,in,TRUE,ANSWERED,548
CALLID157834766124863751,09/04/2026 13:28:50,09/04/2026 13:30:55,USER23306323,Bertrise Lecerf,33788682312,33465847148,MOBALPA,in,TRUE,ANSWERED,167
CALLID5842930679581188565,09/04/2026 13:39:02,,USER23335751,Megane  Jolicoeur,Unknown,33609177058,Pôle Fa - ELICA,out,FALSE,FAILED,5
CALLID421037087527364409,09/04/2026 13:40:27,09/04/2026 13:41:40,USER23278170,Log RO MUT 1,33758728426,33489417051,Pôle FA - CHANGHONG,in,TRUE,ANSWERED,299
CALLID8420370275439928261,09/04/2026 11:33:21,09/04/2026 11:33:33,USER23335751,Megane  Jolicoeur,Unknown,33684926052,Pôle Fa - ELICA,out,TRUE,ANSWERED,636
CALLID14736084312476015876,09/04/2026 11:59:43,,USER23306323,Bertrise Lecerf,33674690721,33465847148,MOBALPA,in,TRUE,BLIND_TRANSFERED,754
CALLID3146536033071343018,09/04/2026 12:51:01,09/04/2026 12:56:45,USER23306323,Bertrise Lecerf,33619366929,33465847148,MOBALPA,in,TRUE,ANSWERED,395
CALLID11824929842732214022,09/04/2026 12:50:13,09/04/2026 12:51:15,USER23871562,Celena Comole-Dimba,33679930685,33465847148,MOBALPA,in,TRUE,ANSWERED,754
CALLID339214639087146970,09/04/2026 13:12:38,09/04/2026 13:12:44,USER23335751,Megane  Jolicoeur,33467504973,33465849475,Pôle FA - ROBLIN,in,TRUE,ANSWERED,199
CALLID4543444401096590482,09/04/2026 13:48:37,09/04/2026 13:49:40,USER23306323,Bertrise Lecerf,33950881575,33465847148,MOBALPA,in,TRUE,ANSWERED,188
CALLID17765439603133879410,09/04/2026 12:20:21,09/04/2026 12:21:18,USER23871562,Celena Comole-Dimba,33688779346,33465847148,MOBALPA,in,TRUE,ANSWERED,197
CALLID2252013252142882316,09/04/2026 12:54:56,09/04/2026 12:57:23,USER23246881,Yohan Nizelin,33489813834,33465847148,MOBALPA,in,TRUE,ANSWERED,475
CALLID7252597060262459698,09/04/2026 13:12:26,09/04/2026 13:12:37,USER23278170,Log RO MUT 1,33637317872,33465849472,Pôle Fa - ELICA,in,TRUE,ANSWERED,320
CALLID7485625612347508564,09/04/2026 13:20:07,09/04/2026 13:20:36,USER23306161,Davina Louis,33608508344,33465847148,MOBALPA,in,TRUE,ANSWERED,133
CALLID15131702763992631674,09/04/2026 13:36:51,09/04/2026 13:37:38,USER23842377,Pascal Duval,33622542669,33465849472,Pôle Fa - ELICA,in,TRUE,ANSWERED,110
CALLID9142675213082660778,09/04/2026 13:46:49,09/04/2026 13:48:10,USER23842377,Pascal Duval,33164206913,33465847139,Pôle FA - MIDEA,in,TRUE,ANSWERED,217
CALLID8936502928871037252,09/04/2026 13:26:08,09/04/2026 13:26:50,USER23871562,Celena Comole-Dimba,33658379674,33465847148,MOBALPA,in,TRUE,ANSWERED,1571
CALLID6870788968726352178,09/04/2026 11:56:18,,,,33767557912,33465847148,MOBALPA,in,TRUE,ANSWERED,522
CALLID15389412159951400310,09/04/2026 12:10:19,09/04/2026 12:10:25,USER23335751,Megane  Jolicoeur,33475002400,33465849475,Pôle FA - ROBLIN,in,TRUE,ANSWERED,241
CALLID17062493203367082299,09/04/2026 12:43:21,09/04/2026 12:43:41,USER23306161,Davina Louis,33607772467,33465847148,MOBALPA,in,TRUE,ANSWERED,706
CALLID9790381819087146640,09/04/2026 13:26:18,09/04/2026 13:30:10,USER23306323,Bertrise Lecerf,33625334836,33465847148,MOBALPA,in,TRUE,ANSWERED,268
CALLID2152706664267443938,09/04/2026 13:34:51,09/04/2026 13:38:00,USER23306161,Davina Louis,33761327104,33465847148,MOBALPA,in,TRUE,ANSWERED,367
CALLID319997595959049422,09/04/2026 13:57:03,09/04/2026 13:57:44,USER23842377,Pascal Duval,33660490301,33465849472,Pôle Fa - ELICA,in,TRUE,ANSWERED,123
CALLID15071716277591859327,09/04/2026 12:10:07,09/04/2026 12:10:14,USER23517805,Joanita Tuyau,33768120522,33465847139,Pôle FA - MIDEA,in,TRUE,ANSWERED,29
CALLID14736084312476015876,09/04/2026 12:12:18,09/04/2026 12:12:19,USER23306323,Bertrise Lecerf,33674690721,33442970715,unknown,out,TRUE,ANSWERED,42
CALLID9547098695920637790,09/04/2026 12:32:58,,,,33616026348,33465847148,MOBALPA,in,FALSE,,264
CALLID346955206055458821,09/04/2026 13:06:37,09/04/2026 13:06:52,USER23871562,Celena Comole-Dimba,33620533226,33465847148,MOBALPA,in,TRUE,ANSWERED,444
CALLID17265219132560013656,09/04/2026 13:31:15,09/04/2026 13:31:18,USER23335751,Megane  Jolicoeur,Unknown,33677106963,Pôle Fa - ELICA,out,TRUE,ANSWERED,439
CALLID16092611798623761023,09/04/2026 13:41:07,,USER23335751,Megane  Jolicoeur,Unknown,33609177058,Pôle Fa - ELICA,out,FALSE,CANCELLED,11
CALLID2444147697311394744,09/04/2026 13:33:19,09/04/2026 13:35:22,USER23306323,Bertrise Lecerf,33777260944,33465847148,MOBALPA,in,TRUE,ANSWERED,641
CALLID1232480858445388538,09/04/2026 13:51:59,09/04/2026 13:52:12,USER23278170,Log RO MUT 1,33450567761,33465849472,Pôle Fa - ELICA,in,TRUE,ANSWERED,515
CALLID9969527506381497950,09/04/2026 12:12:37,09/04/2026 12:13:04,USER23306161,Davina Louis,33670822411,33465847148,MOBALPA,in,TRUE,ANSWERED,643
CALLID14606815781603616435,09/04/2026 12:21:41,09/04/2026 12:21:48,USER23335751,Megane  Jolicoeur,33979713808,33465849475,Pôle FA - ROBLIN,in,TRUE,ANSWERED,508
CALLID4665005967455321754,09/04/2026 12:59:44,09/04/2026 13:00:15,USER23306161,Davina Louis,33680574143,33465847148,MOBALPA,in,TRUE,ANSWERED,302
CALLID16085794186092181310,09/04/2026 13:15:32,09/04/2026 13:15:42,USER23215533,veroniqua LAMBIN,33626410320,33456674350,Pôle FA - SALM AIRFORCE,in,TRUE,ANSWERED,234
CALLID980030241283185948,09/04/2026 13:17:15,09/04/2026 13:17:45,USER23871562,Celena Comole-Dimba,33626093034,33465847148,MOBALPA,in,TRUE,ANSWERED,455
CALLID14089024594822132981,09/04/2026 13:18:02,09/04/2026 13:18:13,USER23278170,Log RO MUT 1,33750419312,33465849472,Pôle Fa - ELICA,in,TRUE,ANSWERED,435
CALLID15286833895254691564,09/04/2026 13:24:54,09/04/2026 13:25:06,USER23215533,veroniqua LAMBIN,33609732771,33465849472,Pôle Fa - ELICA,in,TRUE,ANSWERED,315
CALLID17842300208663552763,09/04/2026 13:41:22,09/04/2026 13:41:28,USER23335751,Megane  Jolicoeur,Unknown,33622542669,Pôle Fa - ELICA,out,TRUE,ANSWERED,56
CALLID630458273561386597,09/04/2026 12:12:06,09/04/2026 12:12:20,USER23246881,Yohan Nizelin,33658472174,33465847148,MOBALPA,in,TRUE,ANSWERED,310
CALLID11796536714411387715,09/04/2026 12:33:36,,,,33607788512,33465849475,Pôle FA - ROBLIN,in,FALSE,MISSED,354
CALLID7534971457116825380,09/04/2026 12:55:06,09/04/2026 12:56:18,USER23278170,Log RO MUT 1,33671848078,33489417051,Pôle FA - CHANGHONG,in,TRUE,ANSWERED,707
CALLID7106238133604460373,09/04/2026 13:57:12,09/04/2026 13:57:20,USER23517805,Joanita Tuyau,Unknown,33781847462,Pôle FA - MIDEA,out,TRUE,ANSWERED,51
CALLID7732246784862450894,09/04/2026 12:43:04,09/04/2026 12:43:35,USER23335751,Megane  Jolicoeur,33642184569,33456674350,Pôle FA - SALM AIRFORCE,in,TRUE,ANSWERED,806
CALLID16542893169016757075,09/04/2026 13:00:00,09/04/2026 13:00:48,USER23842377,Pascal Duval,33609177058,33465847139,Pôle FA - MIDEA,in,TRUE,ANSWERED,110
CALLID2561127793654776645,09/04/2026 12:57:42,09/04/2026 12:57:59,USER23335751,Megane  Jolicoeur,33785998291,33465847139,Pôle FA - MIDEA,in,TRUE,ANSWERED,395
CALLID7824605507742687167,09/04/2026 13:07:15,09/04/2026 13:07:40,USER23306161,Davina Louis,33684560276,33465847148,MOBALPA,in,TRUE,ANSWERED,318
CALLID6291358255259830436,09/04/2026 13:14:56,09/04/2026 13:15:01,USER23517805,Joanita Tuyau,Unknown,33753496728,Pôle FA - MIDEA,out,TRUE,ANSWERED,44
CALLID15517873333897210388,09/04/2026 13:25:29,09/04/2026 13:25:54,USER23306161,Davina Louis,33688338253,33465847148,MOBALPA,in,TRUE,ANSWERED,720
CALLID15728844985994698619,09/04/2026 14:03:49,09/04/2026 14:12:32,USER23246881,Yohan Nizelin,33662766248,33465847148,MOBALPA,in,TRUE,ANSWERED,1047
CALLID18149281523816410703,09/04/2026 13:08:30,09/04/2026 13:08:34,USER23517805,Joanita Tuyau,Unknown,33789603300,Pôle FA - MIDEA,out,TRUE,ANSWERED,101
CALLID10512533864066682805,09/04/2026 13:41:24,09/04/2026 13:42:30,USER23246881,Yohan Nizelin,33662766248,33465847148,MOBALPA,in,TRUE,ANSWERED,865
CALLID7943311633928342900,09/04/2026 13:50:23,09/04/2026 13:52:51,USER23871562,Celena Comole-Dimba,33625334836,33465847148,MOBALPA,in,TRUE,ANSWERED,878
CALLID6203818234316385649,09/04/2026 14:22:11,09/04/2026 14:22:18,USER23335751,Megane  Jolicoeur,Unknown,33682291393,Pôle Fa - ELICA,out,TRUE,ANSWERED,102
CALLID12398374872280925241,09/04/2026 14:19:23,09/04/2026 14:19:41,USER23278170,Log RO MUT 1,33618936236,33465847139,Pôle FA - MIDEA,in,TRUE,ANSWERED,487
CALLID11167210616227721020,09/04/2026 14:38:00,09/04/2026 14:38:21,USER23215533,veroniqua LAMBIN,33466360022,33465849472,Pôle Fa - ELICA,in,TRUE,ANSWERED,101
CALLID5749178825576746546,09/04/2026 13:45:58,09/04/2026 13:46:08,USER23517805,Joanita Tuyau,Unknown,33681964111,Pôle FA - MIDEA,out,TRUE,ANSWERED,371
CALLID6969729747088080413,09/04/2026 13:55:17,09/04/2026 13:55:23,USER23215533,veroniqua LAMBIN,33682172557,33465847139,Pôle FA - MIDEA,in,TRUE,ANSWERED,454
CALLID16339168291554343080,09/04/2026 14:03:30,09/04/2026 14:11:32,USER23306161,Davina Louis,33609573870,33465847148,MOBALPA,in,TRUE,ANSWERED,931
CALLID13380104609903009627,09/04/2026 14:06:39,09/04/2026 14:06:49,USER23278170,Log RO MUT 1,33673668412,33465847139,Pôle FA - MIDEA,in,TRUE,ANSWERED,773
CALLID2936978322854289124,09/04/2026 14:20:55,09/04/2026 14:21:20,USER23335751,Megane  Jolicoeur,Unknown,33769827609,Pôle Fa - ELICA,out,TRUE,ANSWERED,61
CALLID8396425245582784888,09/04/2026 14:54:12,09/04/2026 14:54:29,USER23517805,Joanita Tuyau,33699505754,33465847139,Pôle FA - MIDEA,in,TRUE,ANSWERED,98
CALLID9058187201242083187,09/04/2026 15:05:02,09/04/2026 15:05:10,USER23517805,Joanita Tuyau,33969362006,33465847139,Pôle FA - MIDEA,in,TRUE,ANSWERED,150
CALLID11439314437580485576,09/04/2026 13:39:32,,USER23335751,Megane  Jolicoeur,Unknown,33609177058,Pôle Fa - ELICA,out,FALSE,CANCELLED,18
CALLID3845504846700871100,09/04/2026 13:50:19,09/04/2026 13:51:58,USER23306323,Bertrise Lecerf,33652330379,33465847148,MOBALPA,in,TRUE,ANSWERED,453
CALLID10686263419943835018,09/04/2026 13:52:00,09/04/2026 13:56:34,USER23246881,Yohan Nizelin,33604493519,33465847148,MOBALPA,in,TRUE,ANSWERED,909
CALLID6756071021949931101,09/04/2026 14:06:29,09/04/2026 14:06:43,USER23335751,Megane  Jolicoeur,Unknown,33164206913,Pôle Fa - ELICA,out,TRUE,ANSWERED,367
CALLID761450205618398561,09/04/2026 14:26:01,09/04/2026 14:28:01,USER23278170,Log RO MUT 1,33673668412,33465847139,Pôle FA - MIDEA,in,TRUE,ANSWERED,393
CALLID6874320195669971271,09/04/2026 14:44:14,09/04/2026 14:44:21,USER23517805,Joanita Tuyau,33699505754,33465847139,Pôle FA - MIDEA,in,TRUE,ANSWERED,400
CALLID17093098455315748114,09/04/2026 15:01:27,09/04/2026 15:01:35,USER23306161,Davina Louis,33984130552,33465847148,MOBALPA,in,TRUE,ANSWERED,730
CALLID14589100671463028920,09/04/2026 15:18:42,09/04/2026 15:19:18,USER23842377,Pascal Duval,33603743289,33456674350,Pôle FA - SALM AIRFORCE,in,TRUE,ANSWERED,130
CALLID3897413215127048866,09/04/2026 13:46:17,09/04/2026 13:46:48,USER23278170,Log RO MUT 1,33648055427,33465849472,Pôle Fa - ELICA,in,TRUE,ANSWERED,127
CALLID14195587469146247722,09/04/2026 13:47:18,09/04/2026 13:49:31,USER23306161,Davina Louis,33615147993,33465847148,MOBALPA,in,TRUE,ANSWERED,423
CALLID4938435318846578238,09/04/2026 14:10:33,09/04/2026 14:10:41,USER23215533,veroniqua LAMBIN,33619759467,33465849472,Pôle Fa - ELICA,in,TRUE,ANSWERED,364
CALLID3110549055785723838,09/04/2026 14:23:37,09/04/2026 14:26:21,USER23517805,Joanita Tuyau,33663658778,33465847139,Pôle FA - MIDEA,in,TRUE,ANSWERED,850
CALLID9406250084039397925,09/04/2026 14:53:09,09/04/2026 14:53:19,USER23306161,Davina Louis,33781549307,33465847148,MOBALPA,in,TRUE,ANSWERED,118
CALLID6598106356436912393,09/04/2026 15:01:37,09/04/2026 15:01:55,USER23215533,veroniqua LAMBIN,33465847139,33611975948,Pôle FA - MIDEA,out,TRUE,ANSWERED,52
CALLID10464091880499370456,09/04/2026 14:07:36,09/04/2026 14:07:38,USER23306161,Davina Louis,33672933864,33809100100,unknown,out,TRUE,ANSWERED,97
CALLID13655123105959383384,09/04/2026 14:20:25,09/04/2026 14:20:41,USER23335751,Megane  Jolicoeur,Unknown,33769827609,Pôle Fa - ELICA,out,TRUE,ANSWERED,19
CALLID5927393651191418952,09/04/2026 14:26:57,09/04/2026 14:27:18,USER23215533,veroniqua LAMBIN,33619759467,33465849472,Pôle Fa - ELICA,in,TRUE,ANSWERED,104
CALLID15646284595143435569,09/04/2026 14:24:33,09/04/2026 14:24:43,USER23335751,Megane  Jolicoeur,Unknown,33682291393,Pôle Fa - ELICA,out,TRUE,ANSWERED,823
CALLID14795179668121482876,09/04/2026 13:45:47,09/04/2026 13:45:53,USER23215533,veroniqua LAMBIN,33778343740,33465847139,Pôle FA - MIDEA,in,TRUE,ANSWERED,533
CALLID10464091880499370456,09/04/2026 13:54:20,09/04/2026 14:02:08,USER23306161,Davina Louis,33672933864,33465847148,MOBALPA,in,TRUE,BLIND_TRANSFERED,795
CALLID5398289567682418364,09/04/2026 14:01:59,09/04/2026 14:02:09,USER23517805,Joanita Tuyau,33683658471,33465847139,Pôle FA - MIDEA,in,TRUE,ANSWERED,526
CALLID7325645501324285818,09/04/2026 14:02:14,09/04/2026 14:07:44,USER23306161,Davina Louis,33612571049,33465847148,MOBALPA,in,TRUE,ANSWERED,535
CALLID4494205802571111619,09/04/2026 14:43:12,09/04/2026 14:43:24,USER23215533,veroniqua LAMBIN,33683658471,33465847139,Pôle FA - MIDEA,in,TRUE,ANSWERED,608
CALLID8994683627470980960,09/04/2026 14:54:04,09/04/2026 14:54:15,USER23871562,Celena Comole-Dimba,33630091197,33465847148,MOBALPA,in,TRUE,ANSWERED,1459
CALLID5466827011681967837,09/04/2026 14:41:26,09/04/2026 14:41:35,USER23871562,Celena Comole-Dimba,33984130552,33465847148,MOBALPA,in,TRUE,ANSWERED,646
CALLID12768348051087326580,09/04/2026 14:19:15,09/04/2026 14:19:58,USER23842377,Pascal Duval,33682291393,33465849475,Pôle FA - ROBLIN,in,TRUE,ANSWERED,102
CALLID1696363789858105642,09/04/2026 14:13:39,09/04/2026 14:13:48,USER23517805,Joanita Tuyau,33628251774,33465847139,Pôle FA - MIDEA,in,TRUE,ANSWERED,701
CALLID4099519698671610572,09/04/2026 14:29:41,09/04/2026 14:29:50,USER23215533,veroniqua LAMBIN,33466360022,33465849472,Pôle Fa - ELICA,in,TRUE,ANSWERED,64
CALLID15747972744127239926,09/04/2026 14:43:50,09/04/2026 14:45:09,USER23335751,Megane  Jolicoeur,33677883371,33465849475,Pôle FA - ROBLIN,in,TRUE,ANSWERED,392
CALLID17502925585865528135,09/04/2026 14:57:26,09/04/2026 14:58:33,USER23278170,Log RO MUT 1,33637358238,33465849472,Pôle Fa - ELICA,in,TRUE,ANSWERED,146
CALLID5945220951999925170,09/04/2026 15:01:13,09/04/2026 15:01:24,USER23278170,Log RO MUT 1,Unknown,33673668412,Pôle FA - SALM AIRFORCE,out,TRUE,ANSWERED,154
CALLID17427134202864871887,09/04/2026 15:13:16,09/04/2026 15:13:31,USER23278170,Log RO MUT 1,33243323885,33465849475,Pôle FA - ROBLIN,in,TRUE,ANSWERED,842
CALLID5529054975620506253,09/04/2026 15:35:46,09/04/2026 15:35:54,USER23278170,Log RO MUT 1,33604037523,33489417051,Pôle FA - CHANGHONG,in,TRUE,ANSWERED,606
CALLID15363988039671009448,09/04/2026 14:17:43,09/04/2026 14:17:52,USER23215533,veroniqua LAMBIN,33769827609,33465847139,Pôle FA - MIDEA,in,TRUE,ANSWERED,567
CALLID1343564939742072172,09/04/2026 15:15:08,09/04/2026 15:19:07,USER23871562,Celena Comole-Dimba,33761327104,33465847148,MOBALPA,in,TRUE,ANSWERED,393
CALLID16381870601071465609,09/04/2026 15:28:20,09/04/2026 15:28:25,USER23517805,Joanita Tuyau,Unknown,33609177058,Pôle FA - MIDEA,out,TRUE,ANSWERED,33
CALLID3201859378843929613,09/04/2026 15:45:23,09/04/2026 15:45:48,USER23517805,Joanita Tuyau,Unknown,33620648997,Pôle FA - MIDEA,out,TRUE,ANSWERED,56
CALLID1720857175134784210,09/04/2026 13:52:16,09/04/2026 13:56:44,USER23306161,Davina Louis,33626093034,33465847148,MOBALPA,in,TRUE,ANSWERED,578
CALLID8055635036861426064,09/04/2026 14:08:33,09/04/2026 14:08:44,USER23215533,veroniqua LAMBIN,33769827609,33465847139,Pôle FA - MIDEA,in,TRUE,ANSWERED,95
CALLID2311710847251226862,09/04/2026 13:59:37,09/04/2026 14:07:12,USER23246881,Yohan Nizelin,33622514193,33465847148,MOBALPA,in,TRUE,ANSWERED,768
CALLID14732986690049458210,09/04/2026 14:14:19,09/04/2026 14:15:06,USER23842377,Pascal Duval,33769827609,33465847139,Pôle FA - MIDEA,in,TRUE,ANSWERED,129
CALLID15404674601761695959,09/04/2026 13:58:12,09/04/2026 14:05:43,USER23871562,Celena Comole-Dimba,33684633713,33465847148,MOBALPA,in,TRUE,ANSWERED,1220
CALLID16632599617552419149,09/04/2026 14:13:30,09/04/2026 14:16:14,USER23306323,Bertrise Lecerf,33625334836,33465847148,MOBALPA,in,TRUE,ANSWERED,320
CALLID8931572842380704684,09/04/2026 14:16:18,09/04/2026 14:16:27,USER23335751,Megane  Jolicoeur,Unknown,33660490301,Pôle Fa - ELICA,out,TRUE,ANSWERED,239
CALLID7327414408407997885,09/04/2026 14:38:20,09/04/2026 14:38:26,USER23335751,Megane  Jolicoeur,Unknown,33682291393,Pôle Fa - ELICA,out,TRUE,ANSWERED,397
CALLID15787519006756558358,09/04/2026 14:52:24,09/04/2026 14:53:35,USER23215533,veroniqua LAMBIN,33490772098,33465849472,Pôle Fa - ELICA,in,TRUE,ANSWERED,369
CALLID18128061089293770364,09/04/2026 15:09:33,09/04/2026 15:12:30,USER23306323,Bertrise Lecerf,33619155775,33465847148,MOBALPA,in,TRUE,ANSWERED,424
CALLID5289542303042221018,09/04/2026 15:11:05,09/04/2026 15:16:50,USER23306323,Bertrise Lecerf,33684491720,33465847148,MOBALPA,in,TRUE,ANSWERED,442
CALLID10308992518777375489,09/04/2026 15:16:06,09/04/2026 15:19:22,USER23306323,Bertrise Lecerf,33241344170,33465847148,MOBALPA,in,TRUE,ANSWERED,294
CALLID1808632204388483747,09/04/2026 15:11:44,09/04/2026 15:11:51,USER23517805,Joanita Tuyau,33669954580,33465847139,Pôle FA - MIDEA,in,TRUE,ANSWERED,858
CALLID3469592238658308297,09/04/2026 15:35:33,09/04/2026 15:38:26,USER23306323,Bertrise Lecerf,33688465730,33465847148,MOBALPA,in,TRUE,ANSWERED,280
CALLID8696850180068243917,09/04/2026 15:35:22,09/04/2026 15:37:41,USER23306323,Bertrise Lecerf,33631658448,33465847148,MOBALPA,in,TRUE,ANSWERED,176
CALLID2822396035957487308,09/04/2026 16:00:12,,,,33640642586,33465847148,MOBALPA,in,FALSE,MISSED,68
CALLID469901243375115590,09/04/2026 15:57:57,09/04/2026 15:58:04,USER23278170,Log RO MUT 1,33661425655,33456674350,Pôle FA - SALM AIRFORCE,in,TRUE,ANSWERED,672
CALLID5367783975125300194,09/04/2026 15:09:35,09/04/2026 15:13:46,USER23306161,Davina Louis,33688211416,33465847148,MOBALPA,in,TRUE,ANSWERED,748
CALLID14587784401631531692,09/04/2026 15:23:06,09/04/2026 15:23:18,USER23871562,Celena Comole-Dimba,33761327104,33465847148,MOBALPA,in,TRUE,ANSWERED,535
CALLID7099676388126493552,09/04/2026 15:28:24,09/04/2026 15:28:34,USER23278170,Log RO MUT 1,33699968791,33465849472,Pôle Fa - ELICA,in,TRUE,ANSWERED,338
CALLID6654375224785481544,09/04/2026 15:42:29,09/04/2026 15:42:43,USER23306161,Davina Louis,33687272596,33465847148,MOBALPA,in,TRUE,ANSWERED,304
CALLID12663488294934952788,09/04/2026 16:10:01,09/04/2026 16:15:01,USER23335751,Megane  Jolicoeur,33783820749,33465847139,Pôle FA - MIDEA,in,TRUE,ANSWERED,416
CALLID1150475452271369139,09/04/2026 14:30:03,09/04/2026 14:30:30,USER23842377,Pascal Duval,33611975948,33465849472,Pôle Fa - ELICA,in,TRUE,ANSWERED,113
CALLID17245716730651012948,09/04/2026 15:23:55,09/04/2026 15:24:20,USER23306161,Davina Louis,33619366929,33465847148,MOBALPA,in,TRUE,ANSWERED,629
CALLID16647881999782812984,09/04/2026 15:58:27,09/04/2026 15:58:34,USER23215533,veroniqua LAMBIN,33689058264,33465849472,Pôle Fa - ELICA,in,TRUE,ANSWERED,240
CALLID4279140108579694408,09/04/2026 16:39:23,09/04/2026 16:39:57,USER23278170,Log RO MUT 1,33631035085,33465847139,Pôle FA - MIDEA,in,TRUE,ANSWERED,1156
CALLID17662094742737257964,09/04/2026 15:58:53,09/04/2026 15:59:02,USER23335751,Megane  Jolicoeur,33634697544,33465847139,Pôle FA - MIDEA,in,TRUE,ANSWERED,237
CALLID10288768526714880099,09/04/2026 16:06:25,09/04/2026 16:09:14,USER23278170,Log RO MUT 1,33613297854,33465847139,Pôle FA - MIDEA,in,TRUE,ANSWERED,992
CALLID9134683890743061561,09/04/2026 16:33:33,09/04/2026 16:33:41,USER23246881,Yohan Nizelin,33674056599,33465847148,MOBALPA,in,TRUE,ANSWERED,309
CALLID9338465316094233344,09/04/2026 15:25:16,09/04/2026 15:27:50,USER23306323,Bertrise Lecerf,33630811454,33465847148,MOBALPA,in,TRUE,ANSWERED,733
CALLID4902155657277319133,09/04/2026 15:38:06,09/04/2026 15:43:05,USER23842377,Pascal Duval,33682291393,33465849475,Pôle FA - ROBLIN,in,TRUE,BLIND_TRANSFERED,406
CALLID9117153276867409267,09/04/2026 15:55:51,09/04/2026 15:56:32,USER23871562,Celena Comole-Dimba,33671392494,33465847148,MOBALPA,in,TRUE,ANSWERED,435
CALLID14294705884784540597,09/04/2026 16:30:21,,,,33673841346,33456674350,Pôle FA - SALM AIRFORCE,in,FALSE,MISSED,77
CALLID2363463240187071267,09/04/2026 16:31:49,09/04/2026 16:31:55,USER23246881,Yohan Nizelin,33610101892,33465847148,MOBALPA,in,TRUE,ANSWERED,74
CALLID554255577081943879,09/04/2026 16:16:53,09/04/2026 16:23:01,USER23278170,Log RO MUT 1,33674979448,33465847139,Pôle FA - MIDEA,in,TRUE,ANSWERED,1247
CALLID14349499683085061531,09/04/2026 15:34:33,09/04/2026 15:34:39,USER23215533,veroniqua LAMBIN,33465847139,33603743289,Pôle FA - MIDEA,out,TRUE,ANSWERED,510
CALLID4902155657277319133,09/04/2026 15:44:53,09/04/2026 15:45:10,USER23335751,Megane  Jolicoeur,33682291393,33465845211,unknown,in,TRUE,ANSWERED,122
CALLID1220752659076453623,09/04/2026 15:59:58,09/04/2026 16:06:01,USER23246881,Yohan Nizelin,33631658448,33465847148,MOBALPA,in,TRUE,ANSWERED,404
CALLID9542416789538774126,09/04/2026 16:18:13,09/04/2026 16:18:42,USER23335751,Megane  Jolicoeur,33677106963,33456674350,Pôle FA - SALM AIRFORCE,in,TRUE,ANSWERED,583
CALLID14125693692917872267,09/04/2026 15:33:41,09/04/2026 15:34:40,USER23306161,Davina Louis,33627849854,33465847148,MOBALPA,in,TRUE,ANSWERED,508
CALLID5408747205113356632,09/04/2026 15:48:37,09/04/2026 15:48:59,USER23335751,Megane  Jolicoeur,Unknown,33783309801,Pôle Fa - ELICA,out,TRUE,ANSWERED,70
CALLID220486126068622357,09/04/2026 16:04:17,,,,33640642586,33465847148,MOBALPA,in,FALSE,MISSED,311
CALLID9983839167521500633,09/04/2026 16:05:17,09/04/2026 16:10:24,USER23246881,Yohan Nizelin,33661805605,33465847148,MOBALPA,in,TRUE,ANSWERED,368
CALLID8891272724314233182,09/04/2026 16:23:02,09/04/2026 16:23:11,USER23246881,Yohan Nizelin,33786867279,33465847148,MOBALPA,in,TRUE,ANSWERED,77
CALLID14870350553553817517,09/04/2026 16:28:13,09/04/2026 16:31:39,USER23335751,Megane  Jolicoeur,33625782388,33456674350,Pôle FA - SALM AIRFORCE,in,TRUE,ANSWERED,944
CALLID1438173338803747565,09/04/2026 16:53:28,,,,33611864908,33465847139,Pôle FA - MIDEA,in,FALSE,VOICEMAIL,554
CALLID10972115864071803700,09/04/2026 15:26:44,09/04/2026 15:32:06,USER23871562,Celena Comole-Dimba,33676096305,33465847148,MOBALPA,in,TRUE,ANSWERED,1687
CALLID1378793150087875952,09/04/2026 16:43:07,09/04/2026 16:43:39,USER23246881,Yohan Nizelin,33686036081,33465847148,MOBALPA,in,TRUE,ANSWERED,108
CALLID5438178710460068960,09/04/2026 16:01:42,09/04/2026 16:08:35,USER23246881,Yohan Nizelin,33660103858,33465847148,MOBALPA,in,TRUE,ANSWERED,512
CALLID9511269838743147961,09/04/2026 16:01:22,09/04/2026 16:06:51,USER23246881,Yohan Nizelin,33688465730,33465847148,MOBALPA,in,TRUE,ANSWERED,426
CALLID13424883250066775807,09/04/2026 16:11:24,09/04/2026 16:11:30,USER23246881,Yohan Nizelin,33673093117,33465847148,MOBALPA,in,TRUE,ANSWERED,637
CALLID8785497609279120954,09/04/2026 16:03:13,09/04/2026 16:03:34,USER23335751,Megane  Jolicoeur,33689058264,33465849472,Pôle Fa - ELICA,in,TRUE,ANSWERED,694
CALLID5654766172859958936,09/04/2026 16:46:52,09/04/2026 16:47:01,USER23246881,Yohan Nizelin,33601768623,33465847148,MOBALPA,in,TRUE,ANSWERED,53
CALLID12357372922985060143,09/04/2026 16:44:03,09/04/2026 16:45:05,USER23246881,Yohan Nizelin,33610614374,33465847148,MOBALPA,in,TRUE,ANSWERED,114